id;name;file;file_content_type
1;multi-byte Plastic;../fake-data/blob/hipster.png;image/png
2;protocol Interactions Frozen;../fake-data/blob/hipster.png;image/png
3;Intelligent Soft Bacon Internal;../fake-data/blob/hipster.png;image/png
4;Buckinghamshire Division;../fake-data/blob/hipster.png;image/png
5;eyeballs transform;../fake-data/blob/hipster.png;image/png
6;copying Incredible matrix;../fake-data/blob/hipster.png;image/png
7;Paradigm;../fake-data/blob/hipster.png;image/png
8;solid state Unbranded feed;../fake-data/blob/hipster.png;image/png
9;generate Afghani auxiliary;../fake-data/blob/hipster.png;image/png
10;Savings Account Extended Indiana;../fake-data/blob/hipster.png;image/png
